{"cameraMode":{"drawMode":0,"name":"Shaded","section":"Shading Mode"},"sceneLighting":true,"audioPlay":false,"sceneViewState":{"showFog":true,"showMaterialUpdate":false,"showSkybox":true,"showFlares":true,"showImageEffects":true,"showParticleSystems":true,"showVisualEffectGraphs":true,"m_FxEnabled":true},"in2DMode":false,"pivot":{"x":17.168792724609376,"y":10.941951751708985,"z":-28.124752044677736},"rotation":{"x":0.004022463224828243,"y":0.9776015281677246,"z":0.018763002008199693,"w":-0.20959408581256867},"size":11.411661148071289,"orthographic":false}