{"cameraMode":{"drawMode":0,"name":"Shaded","section":"Shading Mode"},"sceneLighting":true,"audioPlay":false,"sceneViewState":{"showFog":true,"showMaterialUpdate":false,"showSkybox":true,"showFlares":true,"showImageEffects":true,"showParticleSystems":true,"showVisualEffectGraphs":true,"m_FxEnabled":true},"in2DMode":false,"pivot":{"x":18.097965240478517,"y":-29.020477294921876,"z":0.23587024211883546},"rotation":{"x":-0.12182901054620743,"y":0.7816213965415955,"z":-0.16165614128112794,"w":-0.590160608291626},"size":110.93144226074219,"orthographic":false}