{"cameraMode":{"drawMode":0,"name":"Shaded","section":"Shading Mode"},"sceneLighting":true,"audioPlay":false,"sceneViewState":{"showFog":true,"showMaterialUpdate":false,"showSkybox":true,"showFlares":true,"showImageEffects":true,"showParticleSystems":true,"showVisualEffectGraphs":true,"m_FxEnabled":true},"in2DMode":false,"pivot":{"x":985.0223388671875,"y":205.30364990234376,"z":210.58238220214845},"rotation":{"x":0.009303675964474678,"y":0.03480201214551926,"z":-0.0003237492637708783,"w":0.9993532299995422},"size":169.3350830078125,"orthographic":false}